Workbook

Sheet unconstrained
A1: algorithm | B1: iterations | C1: repetition | D1: generate_total_time | E1: generate_median_time | F1: public_key_size | G1: encapsulate_total_time | H1: encapsulate_median_time | I1: ciphertext_size | J1: decapsulate_total_time | K1: decapsulate_median_time | L1: memory_current_mb | M1: memory_peak_mb | N1: oom_errors
A2: BIKE-L1 | B2: 100 | C2: 1 | D2: 1.0096989 | E2: 0.0097529888 | F2: 1541 | G2: 0.054029942 | H2: 0.00051593781 | I2: 1573 | J2: 0.81367588 | K2: 0.0080543756 | L2: 0.036329 | M2: 0.043274 | N2: 0
A3: BIKE-L1 | B3: 100 | C3: 2 | D3: 0.98136067 | E3: 0.0097653866 | F3: 1541 | G3: 0.052481651 | H3: 0.00051879883 | I3: 1573 | J3: 0.81548381 | K3: 0.0080746412 | L3: 0.022906 | M3: 0.029851 | N3: 0
A4: BIKE-L1 | B4: 100 | C4: 3 | D4: 0.97067666 | E4: 0.0097403526 | F4: 1541 | G4: 0.051800489 | H4: 0.00051414967 | I4: 1573 | J4: 0.80805874 | K4: 0.0080571175 | L4: 0.022785 | M4: 0.02973 | N4: 0
A5: BIKE-L1 | B5: 100 | C5: 4 | D5: 0.97007656 | E5: 0.0096907616 | F5: 1541 | G5: 0.051533222 | H5: 0.00051391125 | I5: 1573 | J5: 0.80392098 | K5: 0.0079975128 | L5: 0.022879 | M5: 0.029824 | N5: 0
A6: BIKE-L1 | B6: 100 | C6: 5 | D6: 0.98329902 | E6: 0.0096309185 | F6: 1541 | G6: 0.051952839 | H6: 0.00051367283 | I6: 1573 | J6: 0.80507278 | K6: 0.0079581738 | L6: 0.023039 | M6: 0.029984 | N6: 0
A7: ML-KEM-512 | B7: 100 | C7: 1 | D7: 0.0049939156 | E7: 4.8995018e-05 | F7: 800 | G7: 0.005613327 | H7: 5.4001808e-05 | I7: 768 | J7: 0.0049974918 | K7: 5.0544739e-05 | L7: 0.025127 | M7: 0.027932 | N7: 0
A8: ML-KEM-512 | B8: 100 | C8: 2 | D8: 0.0037925243 | E8: 3.9577484e-05 | F8: 800 | G8: 0.0042910576 | H8: 4.3392181e-05 | I8: 768 | J8: 0.0039691925 | K8: 4.1246414e-05 | L8: 0.014887 | M8: 0.017692 | N8: 0
A9: ML-KEM-512 | B9: 100 | C9: 3 | D9: 0.0031645298 | E9: 2.9802322e-05 | F9: 800 | G9: 0.0034673214 | H9: 3.2901764e-05 | I9: 768 | J9: 0.0033340454 | K9: 3.0994415e-05 | L9: 0.015143 | M9: 0.017948 | N9: 0
A10: ML-KEM-512 | B10: 100 | C10: 4 | D10: 0.0027413368 | E10: 2.6226044e-05 | F10: 800 | G10: 0.0030405521 | H10: 2.9087067e-05 | I10: 768 | J10: 0.0028681755 | K10: 2.7418137e-05 | L10: 0.015431 | M10: 0.018236 | N10: 0
A11: ML-KEM-512 | B11: 100 | C11: 5 | D11: 0.0024857521 | E11: 2.3603439e-05 | F11: 800 | G11: 0.0027048588 | H11: 2.5749207e-05 | I11: 768 | J11: 0.0025668144 | K11: 2.4318695e-05 | L11: 0.015262 | M11: 0.018067 | N11: 0
A12: ML-KEM-768 | B12: 100 | C12: 1 | D12: 0.0068218708 | E12: 6.9022179e-05 | F12: 1184 | G12: 0.0074191093 | H12: 7.2479248e-05 | I12: 1088 | J12: 0.0070712566 | K12: 7.212162e-05 | L12: 0.02431 | M12: 0.028203 | N12: 0
A13: ML-KEM-768 | B13: 100 | C13: 2 | D13: 0.0047519207 | E13: 4.7922134e-05 | F13: 1184 | G13: 0.0050287247 | H13: 5.0425529e-05 | I13: 1088 | J13: 0.0050098896 | K13: 5.0544739e-05 | L13: 0.016039 | M13: 0.019996 | N13: 0
... A71: SPHINCS+SHA2-256s-simple | B71: 100 | C71: 5 | D71: 5.6682434 | E71: 0.056369305 | F71: 64 | G71: 72.319587 | H71: 0.7215414 | I71: 29792 | J71: 0.10219502 | K71: 0.0010141134 | L71: 0.039079 | M71: 0.099189 | N71: 0

Sheet recapunconstrained
A2: KEM Algorithms
A3: Metric | B3: ML-KEM-512 | D3: ML-KEM-768 | F3: ML-KEM-1024 | H3: FrodoKEM-640 | J3: BIKE-L1 | L3: ECDH-X25519
B4: Min | C4: Max | D4: Min | E4: Max | F4: Min | G4: Max | H4: Min | I4: Max | J4: Min | K4: Max | L4: Min | M4: Max
A5: Keygen (ms) | B5: =MIN(unconstrained!E7:E11)*1000 -> 0.023603439 | C5: =MAX(unconstrained!E7:E11)*1000 -> 0.048995018 | D5: =MIN(unconstrained!E12:E16)*1000 -> 0.029802322 | E5: =MAX(unconstrained!E12:E16)*1000 -> 0.069022179 | F5: =MIN(unconstrained!E17:E21)*1000 -> 0.034570694 | G5: =MAX(unconstrained!E17:E21)*1000 -> 0.075817108 | H5: =MIN(unconstrained!E22:E26)*1000 -> 0.23674965 | I5: =MAX(unconstrained!E22:E26)*1000 -> 0.2450943 | J5: =MIN(unconstrained!E2:E6)*1000 -> 9.6309185 | K5: =MAX(unconstrained!E2:E6)*1000 -> 9.7653866 | L5: =MIN(unconstrained!E27:E31)*1000 -> 0.042200089 | M5: =MAX(unconstrained!E27:E31)*1000 -> 0.042438507
A6: Encaps (ms) | B6: =MIN(unconstrained!G$7:G$11)*1000 -> 2.7048588 | C6: =MAX(unconstrained!G$7:G$11)*1000 -> 5.613327 | D6: =MIN(unconstrained!G$12:G$16)*1000 -> 3.0677319 | E6: =MAX(unconstrained!G$12:G$16)*1000 -> 7.4191093 | F6: =MIN(unconstrained!G$17:G$21)*1000 -> 3.6349297 | G6: =MAX(unconstrained!G$17:G$21)*1000 -> 9.418726 | H6: =MIN(unconstrained!G$22:G$26)*1000 -> 44.577599 | I6: =MAX(unconstrained!G$22:G$26)*1000 -> 50.369501 | J6: =MIN(unconstrained!G$2:G$6)*1000 -> 51.533222 | K6: =MAX(unconstrained!G$2:G$6)*1000 -> 54.029942 | L6: =MIN(unconstrained!G$27:G$31)*1000 -> 7.6403618 | M6: =MAX(unconstrained!G$27:G$31)*1000 -> 8.4769726
A7: Decaps (ms) | B7: =MIN(unconstrained!J$7:J$11)*1000 -> 2.5668144 | C7: =MAX(unconstrained!J$7:J$11)*1000 -> 4.9974918 | D7: =MIN(unconstrained!J$12:J$16)*1000 -> 3.128767 | E7: =MAX(unconstrained!J$12:J$16)*1000 -> 7.0712566 | F7: =MIN(unconstrained!J$17:J$21)*1000 -> 3.7386417 | G7: =MAX(unconstrained!J$17:J$21)*1000 -> 9.3181133 | H7: =MIN(unconstrained!J$22:J$26)*1000 -> 43.232203 | I7: =MAX(unconstrained!J$22:J$26)*1000 -> 48.508167 | J7: =MIN(unconstrained!J$2:J$6)*1000 -> 803.92098 | K7: =MAX(unconstrained!J$2:J$6)*1000 -> 815.48381 | L7: =MIN(unconstrained!J$27:J$31)*1000 -> 3.7126541 | M7: =MAX(unconstrained!J$27:J$31)*1000 -> 3.9730072
A8: PK Size (bytes) | B8: =unconstrained!F7 -> 800 | D8: =unconstrained!F12 -> 1184 | F8: =unconstrained!F17 -> 1568 | H8: =unconstrained!F22 -> 9616 | J8: =unconstrained!F2 -> 1541 | L8: =unconstrained!F27 -> 32
A9: CT Size (bytes) | B9: =unconstrained!I8 -> 768 | D9: =unconstrained!I13 -> 1088 | F9: =unconstrained!I18 -> 1568 | H9: =unconstrained!I23 -> 9720 | J9: =unconstrained!I3 -> 1573 | L9: =unconstrained!I28 -> 32
A10: Peak Memory (KB) | B10: =MIN(unconstrained!M$7:M$11)*1024 -> 18.116608 | C10: =MAX(unconstrained!M$7:M$11)*1024 -> 28.602368 | D10: =MIN(unconstrained!M$12:M$16)*1024 -> 20.475904 | E10: =MAX(unconstrained!M$12:M$16)*1024 -> 28.879872 | F10: =MIN(unconstrained!M$17:M$21)*1024 -> 23.619584 | G10: =MAX(unconstrained!M$17:M$21)*1024 -> 28.676096 | H10: =MIN(unconstrained!M$22:M$26)*1024 -> 100.20864 | I10: =MAX(unconstrained!M$22:M$26)*1024 -> 110.01754 | J10: =MIN(unconstrained!M$2:M$6)*1024 -> 30.44352 | K10: =MAX(unconstrained!M$2:M$6)*1024 -> 44.312576 | L10: =MIN(unconstrained!M$27:M$31)*1024 -> 9.007104 | M10: =MAX(unconstrained!M$27:M$31)*1024 -> 293.51526
A11: Ops / s (encaps) | B11: =SUM(unconstrained!B7:B11)/SUM(unconstrained!D7:D11) -> 29106.898 | D11: =SUM(unconstrained!B12:B16)/SUM(unconstrained!D12:D16) -> 23045.626 | F11: =SUM(unconstrained!B17:B21)/SUM(unconstrained!D17:D21) -> 19341.96 | H11: =SUM(unconstrained!B22:B26)/SUM(unconstrained!D22:D26) -> 4080.8562 | J11: =SUM(unconstrained!B2:B6)/SUM(unconstrained!D2:D6) -> 101.72709 | L11: =SUM(unconstrained!B27:B31)/SUM(unconstrained!D27:D31) -> 23055.254
A14: Signature Algorithms
A15: Metric | B15: ML-DSA-44 | D15: ML-DSA-65 | F15: ML-DSA-87 | H15: SLH-DSA-128s | J15: SLH-DSA-192s | L15: SLH-DSA-256s | N15: EC-DSA-P256 | P15: RSA-2048
B16: Min | C16: Max | D16: Min | E16: Max | F16: Min | G16: Max | H16: Min | I16: Max | J16: Min | K16: Max | L16: Min | M16: Max | N16: Min | O16: Max | P16: Min | Q16: Max
A17: Keygen (ms) | B17: =MIN(unconstrained!E$42:E$46)*1000 -> 0.066280365 | C17: =MAX(unconstrained!E$42:E$46)*1000 -> 0.066399574 | D17: =MIN(unconstrained!E$47:E$51)*1000 -> 0.12278557 | E17: =MAX(unconstrained!E$47:E$51)*1000 -> 0.17952919 | F17: =MIN(unconstrained!E$52:E$56)*1000 -> 0.18537045 | G17: =MAX(unconstrained!E$52:E$56)*1000 -> 0.22768974 | H17: =MIN(unconstrained!E$57:E$61)*1000 -> 49.09122 | I17: =MAX(unconstrained!E$57:E$61)*1000 -> 49.732685 | J17: =MIN(unconstrained!E$62:E$66)*1000 -> 82.707286 | K17: =MAX(unconstrained!E$62:E$66)*1000 -> 82.986474 | L17: =MIN(unconstrained!E$67:E$71)*1000 -> 56.332469 | M17: =MAX(unconstrained!E$67:E$71)*1000 -> 56.369305 | N17: =MIN(unconstrained!E32:E36)*1000 -> 0.04696846 | O17: =MAX(unconstrained!E32:E36)*1000 -> 0.051498413 | P17: =MIN(unconstrained!E$32:E$36)*1000 -> 0.04696846 | Q17: =MAX(unconstrained!E$32:E$36)*1000 -> 0.051498413
A18: Sign (ms) | B18: =MIN(unconstrained!G$42:G$46)*1000 -> 18.121958 | C18: =MAX(unconstrained!G$42:G$46)*1000 -> 19.547224 | D18: =MIN(unconstrained!G$47:G$51)*1000 -> 28.27549 | E18: =MAX(unconstrained!G$47:G$51)*1000 -> 43.824196 | F18: =MIN(unconstrained!G$52:G$56)*1000 -> 34.354925 | G18: =MAX(unconstrained!G$52:G$56)*1000 -> 51.318645 | H18: =MIN(unconstrained!G$57:G$61)*1000 -> 37589.804 | I18: =MAX(unconstrained!G$57:G$61)*1000 -> 38236.081 | J18: =MIN(unconstrained!G$62:G$66)*1000 -> 75278.741 | K18: =MAX(unconstrained!G$62:G$66)*1000 -> 78694.74 | L18: =MIN(unconstrained!G$67:G$71)*1000 -> 72059.978 | M18: =MAX(unconstrained!G$67:G$71)*1000 -> 72334.589 | N18: =Min(unconstrained!H32:H36)*1000 -> 0.039815903 | O18: =MAX(unconstrained!H32:H36)*1000 -> 0.044226646 | P18: =MIN(unconstrained!G$32:G$36)*1000 -> 4.0464401 | Q18: =MAX(unconstrained!G$32:G$36)*1000 -> 4.9421787
A19: Verify (ms) | B19: =MIN(unconstrained!K$42:K$46)*1000 -> 0.067472458 | C19: =MAX(unconstrained!K$42:K$46)*1000 -> 0.067472458 | D19: =MIN(unconstrained!K$47:K$51)*1000 -> 0.11062622 | E19: =MAX(unconstrained!K$47:K$51)*1000 -> 0.16248226 | F19: =MIN(unconstrained!K$52:K$56)*1000 -> 0.18620491 | G19: =MAX(unconstrained!K$52:K$56)*1000 -> 0.22256374 | H19: =MIN(unconstrained!K$57:K$61)*1000 -> 0.39410591 | I19: =MAX(unconstrained!K$57:K$61)*1000 -> 0.40483475 | J19: =MIN(unconstrained!K$62:K$66)*1000 -> 0.66769123 | K19: =MAX(unconstrained!K$62:K$66)*1000 -> 0.69463253 | L19: =MIN(unconstrained!K$67:K$71)*1000 -> 1.0107756 | M19: =MAX(unconstrained!K$67:K$71)*1000 -> 1.016736 | N19: =Min(unconstrained!K32:K36)*1000 -> 0.075817108 | O19: =MAX(unconstrained!K32:K36)*1000 -> 0.082492828 | P19: =MIN(unconstrained!K$32:K$36)*1000 -> 0.075817108 | Q19: =MAX(unconstrained!K$32:K$36)*1000 -> 0.082492828
A20: PK Size (bytes) | B20: =unconstrained!F42 -> 1312 | D20: =unconstrained!F47 -> 1952 | F20: =unconstrained!F52 -> 2592 | H20: =unconstrained!F57 -> 32 | J20: =unconstrained!F62 -> 48 | L20: =unconstrained!F67 -> 64 | N20: =unconstrained!F32 -> 178 | P20: =unconstrained!F37 -> 451
A21: CT Size (bytes) | B21: =unconstrained!I43 -> 2420 | D21: =unconstrained!I48 -> 3293 | F21: =unconstrained!I53 -> 4595 | H21: =unconstrained!I58 -> 7856 | J21: =unconstrained!I63 -> 16224 | L21: =unconstrained!I68 -> 29792 | N21: =unconstrained!I32 -> 71 | P21: =unconstrained!I38 -> 256
A22: Peak Memory (KB) | B22: =MIN(unconstrained!M$42:M$46)*1024 -> 23.90528 | C22: =MAX(unconstrained!M$42:M$46)*1024 -> 37.96992 | D22: =MIN(unconstrained!M$47:M$51)*1024 -> 29.00992 | E22: =MAX(unconstrained!M$47:M$51)*1024 -> 36.98176 | F22: =MIN(unconstrained!M$52:M$56)*1024 -> 36.8128 | G22: =MAX(unconstrained!M$52:M$56)*1024 -> 44.086272 | H22: =MIN(unconstrained!M$57:M$61)*1024 -> 33.494016 | I22: =MAX(unconstrained!M$57:M$61)*1024 -> 37.98016 | J22: =MIN(unconstrained!M$62:M$66)*1024 -> 60.331008 | K22: =MAX(unconstrained!M$62:M$66)*1024 -> 67.453952 | L22: =MIN(unconstrained!M$67:M$71)*1024 -> 100.55168 | M22: =MAX(unconstrained!M$67:M$71)*1024 -> 106.01165 | N22: =MIN(unconstrained!M32:M36) -> 0.010862 | O22: =MIN(unconstrained!M32:M36) -> 0.010862 | P22: =MIN(unconstrained!M$32:M$36)*1024 -> 11.122688 | Q22: =MAX(unconstrained!M$32:M$36)*1024 -> 21.648384
A23: Ops / s (encaps) | B23: =SUM(unconstrained!B42:B46)/SUM(unconstrained!D42:D46) -> 14963.198 | D23: =SUM(unconstrained!B47:B51)/SUM(unconstrained!D47:D51) -> 7118.0865 | F23: =SUM(unconstrained!B52:B56)/SUM(unconstrained!D52:D56) -> 4997.6455 | H23: =SUM(unconstrained!B57:B61)/SUM(unconstrained!D57:D61) -> 20.039557 | J23: =SUM(unconstrained!B62:B66)/SUM(unconstrained!D62:D66) -> 12.134889 | L23: =SUM(unconstrained!B67:B71)/SUM(unconstrained!D67:D71) -> 17.67653 | N23: =SUM(unconstrained!B32:B36)/SUM(unconstrained!D32:D36) -> 19692.123 | P23: =SUM(unconstrained!B37:B41)/SUM(unconstrained!D37:D41) -> 25.383967
A27: Total Benchmark Time (Minutes) | B27: =SUM(SUM(Table3[generate_total_time]), SUM(Table3[encapsulate_total_time]), SUM(Table3[decapsulate_total_time])) / 60 -> 17.788396

Sheet moderate
A1: algorithm | B1: iterations | C1: repetition | D1: generate_total_time | E1: generate_median_time | F1: public_key_size | G1: encapsulate_total_time | H1: encapsulate_median_time | I1: ciphertext_size | J1: decapsulate_total_time | K1: decapsulate_median_time | L1: memory_current_mb | M1: memory_peak_mb | N1: oom_errors
A2: BIKE-L1 | B2: 100 | C2: 1 | D2: 2.3730686 | E2: 0.011869788 | F2: 1541 | G2: 0.21430182 | H2: 0.00060760975 | I2: 1573 | J2: 1.8164866 | K2: 0.0096083879 | L2: 0.036329 | M2: 0.043274 | N2: 0
A3: BIKE-L1 | B3: 100 | C3: 2 | D3: 2.3134308 | E3: 0.01173687 | F3: 1541 | G3: 0.11274099 | H3: 0.00059664249 | I3: 1573 | J3: 1.9029253 | K3: 0.0096203089 | L3: 0.022906 | M3: 0.029851 | N3: 0
A4: BIKE-L1 | B4: 100 | C4: 3 | D4: 2.4156716 | E4: 0.011747837 | F4: 1541 | G4: 0.11351585 | H4: 0.00060212612 | I4: 1573 | J4: 1.8663116 | K4: 0.009677887 | L4: 0.022785 | M4: 0.02973 | N4: 0
A5: BIKE-L1 | B5: 100 | C5: 4 | D5: 2.4214544 | E5: 0.01176393 | F5: 1541 | G5: 0.15963745 | H5: 0.0005967617 | I5: 1573 | J5: 1.7961659 | K5: 0.009406805 | L5: 0.022879 | M5: 0.029824 | N5: 0
A6: BIKE-L1 | B6: 100 | C6: 5 | D6: 2.3658817 | E6: 0.01173234 | F6: 1541 | G6: 0.16425538 | H6: 0.00059652328 | I6: 1573 | J6: 1.8710263 | K6: 0.0096738338 | L6: 0.023039 | M6: 0.029984 | N6: 0
A7: ML-KEM-512 | B7: 100 | C7: 1 | D7: 0.0047333241 | E7: 4.029274e-05 | F7: 800 | G7: 0.0054531097 | H7: 4.4941902e-05 | I7: 768 | J7: 0.0049679279 | K7: 4.1723251e-05 | L7: 0.025127 | M7: 0.027932 | N7: 0
A8: ML-KEM-512 | B8: 100 | C8: 2 | D8: 0.0035290718 | E8: 3.3855438e-05 | F8: 800 | G8: 0.0039060116 | H8: 3.7670135e-05 | I8: 768 | J8: 0.0035791397 | K8: 3.528595e-05 | L8: 0.014887 | M8: 0.017692 | N8: 0
A9: ML-KEM-512 | B9: 100 | C9: 3 | D9: 0.0029191971 | E9: 2.9325485e-05 | F9: 800 | G9: 0.0033109188 | H9: 3.2663345e-05 | I9: 768 | J9: 0.0030591488 | K9: 3.0517578e-05 | L9: 0.015143 | M9: 0.017948 | N9: 0
A10: ML-KEM-512 | B10: 100 | C10: 4 | D10: 0.0025987625 | E10: 2.5987625e-05 | F10: 800 | G10: 0.0028953552 | H10: 2.8610229e-05 | I10: 768 | J10: 0.0026936531 | K10: 2.6941299e-05 | L10: 0.015431 | M10: 0.018236 | N10: 0
A11: ML-KEM-512 | B11: 100 | C11: 5 | D11: 0.0023078918 | E11: 2.3126602e-05 | F11: 800 | G11: 0.0025682449 | H11: 2.5510788e-05 | I11: 768 | J11: 0.0024266243 | K11: 2.4080276e-05 | L11: 0.015262 | M11: 0.018067 | N11: 0
A12: ML-KEM-768 | B12: 100 | C12: 1 | D12: 0.0069861412 | E12: 6.7830086e-05 | F12: 1184 | G12: 0.0073025227 | H12: 7.2002411e-05 | I12: 1088 | J12: 0.0074355602 | K12: 7.1883202e-05 | L12: 0.02431 | M12: 0.028203 | N12: 0
A13: ML-KEM-768 | B13: 100 | C13: 2 | D13: 0.0046813488 | E13: 4.7683716e-05 | F13: 1184 | G13: 0.0050187111 | H13: 5.0544739e-05 | I13: 1088 | J13: 0.0049939156 | K13: 5.0544739e-05 | L13: 0.016039 | M13: 0.019996 | N13: 0
... A71: SPHINCS+SHA2-256s-simple | B71: 100 | C71: 5 | D71: 12.037684 | E71: 0.11178315 | F71: 64 | G71: 156.36155 | H71: 1.5821146 | I71: 29792 | J71: 0.20564771 | K71: 0.0010248423 | L71: 0.038983 | M71: 0.099093 | N71: 0

Sheet recapmoderate
A2: KEM Algorithms
A3: Metric | B3: ML-KEM-512 | D3: ML-KEM-768 | F3: ML-KEM-1024 | H3: FrodoKEM-640 | J3: BIKE-L1 | L3: ECDH-X25519
B4: Min | C4: Max | D4: Min | E4: Max | F4: Min | G4: Max | H4: Min | I4: Max | J4: Min | K4: Max | L4: Min | M4: Max
A5: Keygen (ms) | B5: =MIN(moderate!E7:E11)*1000 -> 0.023126602 | C5: =MAX(moderate!E7:E11)*1000 -> 0.04029274 | D5: =MIN(moderate!E12:E16)*1000 -> 0.029325485 | E5: =MAX(moderate!E12:E16)*1000 -> 0.067830086 | F5: =MIN(moderate!E17:E21)*1000 -> 0.03695488 | G5: =MAX(moderate!E17:E21)*1000 -> 0.0872612 | H5: =MIN(moderate!E22:E26)*1000 -> 0.27775764 | I5: =MAX(moderate!E22:E26)*1000 -> 0.30064583 | J5: =MIN(moderate!E2:E6)*1000 -> 11.73234 | K5: =MAX(moderate!E2:E6)*1000 -> 11.869788 | L5: =MIN(moderate!E27:E31)*1000 -> 0.04529953 | M5: =MAX(moderate!E27:E31)*1000 -> 0.056266785
A6: Encaps (ms) | B6: =MIN(moderate!G$7:G$11)*1000 -> 2.5682449 | C6: =MAX(moderate!G$7:G$11)*1000 -> 5.4531097 | D6: =MIN(moderate!G$12:G$16)*1000 -> 3.0725002 | E6: =MAX(moderate!G$12:G$16)*1000 -> 7.3025227 | F6: =MIN(moderate!G$17:G$21)*1000 -> 4.0836334 | G6: =MAX(moderate!G$17:G$21)*1000 -> 9.1717243 | H6: =MIN(moderate!G$22:G$26)*1000 -> 60.201406 | I6: =MAX(moderate!G$22:G$26)*1000 -> 152.07624 | J6: =MIN(moderate!G$2:G$6)*1000 -> 112.74099 | K6: =MAX(moderate!G$2:G$6)*1000 -> 214.30182 | L6: =MIN(moderate!G$27:G$31)*1000 -> 8.5124969 | M6: =MAX(moderate!G$27:G$31)*1000 -> 58.302879
A7: Decaps (ms) | B7: =MIN(moderate!J$7:J$11)*1000 -> 2.4266243 | C7: =MAX(moderate!J$7:J$11)*1000 -> 4.9679279 | D7: =MIN(moderate!J$12:J$16)*1000 -> 3.0765533 | E7: =MAX(moderate!J$12:J$16)*1000 -> 7.4355602 | F7: =MIN(moderate!J$17:J$21)*1000 -> 4.2350292 | G7: =MAX(moderate!J$17:J$21)*1000 -> 9.2887878 | H7: =MIN(moderate!J$22:J$26)*1000 -> 51.948071 | I7: =MAX(moderate!J$22:J$26)*1000 -> 106.45652 | J7: =MIN(moderate!J$2:J$6)*1000 -> 1796.1659 | K7: =MAX(moderate!J$2:J$6)*1000 -> 1902.9253 | L7: =MIN(moderate!J$27:J$31)*1000 -> 4.1189194 | M7: =MAX(moderate!J$27:J$31)*1000 -> 4.9798489
A8: PK Size (bytes) | B8: =moderate!F7 -> 800 | D8: =moderate!F12 -> 1184 | F8: =moderate!F17 -> 1568 | H8: =moderate!F22 -> 9616 | J8: =moderate!F2 -> 1541 | L8: =moderate!F27 -> 32
A9: CT Size (bytes) | B9: =moderate!I8 -> 768 | D9: =moderate!I13 -> 1088 | F9: =moderate!I18 -> 1568 | H9: =moderate!I23 -> 9720 | J9: =moderate!I3 -> 1573 | L9: =moderate!I28 -> 32
A10: Peak Memory (KB) | B10: =MIN(moderate!M$7:M$11)*1024 -> 18.116608 | C10: =MAX(moderate!M$7:M$11)*1024 -> 28.602368 | D10: =MIN(moderate!M$12:M$16)*1024 -> 20.475904 | E10: =MAX(moderate!M$12:M$16)*1024 -> 28.879872 | F10: =MIN(moderate!M$17:M$21)*1024 -> 23.619584 | G10: =MAX(moderate!M$17:M$21)*1024 -> 28.676096 | H10: =MIN(moderate!M$22:M$26)*1024 -> 100.20864 | I10: =MAX(moderate!M$22:M$26)*1024 -> 110.01754 | J10: =MIN(moderate!M$2:M$6)*1024 -> 30.44352 | K10: =MAX(moderate!M$2:M$6)*1024 -> 44.312576 | L10: =MIN(moderate!M$27:M$31)*1024 -> 9.007104 | M10: =MAX(moderate!M$27:M$31)*1024 -> 293.63712
A11: Ops / s (encaps) | B11: =SUM(moderate!B7:B11)/SUM(moderate!D7:D11) -> 31078.587 | D11: =SUM(moderate!B12:B16)/SUM(moderate!D12:D16) -> 22981.984 | F11: =SUM(moderate!B17:B21)/SUM(moderate!D17:D21) -> 6546.6238 | H11: =SUM(moderate!B22:B26)/SUM(moderate!D22:D26) -> 1417.2139 | J11: =SUM(moderate!B2:B6)/SUM(moderate!D2:D6) -> 42.053888 | L11: =SUM(moderate!B27:B31)/SUM(moderate!D27:D31) -> 6297.9807
A12: OOM rate | B12: 0 | D12: 0 | F12: 0 | H12: 0 | J12: 0 | L12: 0
A13: Slow Down (%) | B13: =((recapunconstrained!B11-B11)/recapunconstrained!B11) -> -0.067739593 | D13: =((recapunconstrained!D11-D11)/recapunconstrained!D11) -> 0.0027615833 | F13: =((recapunconstrained!F11-F11)/recapunconstrained!F11) -> 0.66153255 | H13: =((recapunconstrained!H11-H11)/recapunconstrained!H11) -> 0.65271654 | J13: =((recapunconstrained!J11-J11)/recapunconstrained!J11) -> 0.58660088 | L13: =((recapunconstrained!L11-L11)/recapunconstrained!L11) -> 0.726831
A14: Signature Algorithms
A15: Metric | B15: ML-DSA-44 | D15: ML-DSA-65 | F15: ML-DSA-87 | H15: SLH-DSA-128s | J15: SLH-DSA-192s | L15: SLH-DSA-256s | N15: EC-DSA-P256 | P15: RSA-2048
B16: Min | C16: Max | D16: Min | E16: Max | F16: Min | G16: Max | H16: Min | I16: Max | J16: Min | K16: Max | L16: Min | M16: Max | N16: Min | O16: Max | P16: Min | Q16: Max
A17: Keygen (ms) | B17: =MIN(moderate!E$42:E$46)*1000 -> 0.076532364 | C17: =MAX(moderate!E$42:E$46)*1000 -> 0.081539154 | D17: =MIN(moderate!E$47:E$51)*1000 -> 0.14185905 | E17: =MAX(moderate!E$47:E$51)*1000 -> 0.18048286 | F17: =MIN(moderate!E$52:E$56)*1000 -> 0.21934509 | G17: =MAX(moderate!E$52:E$56)*1000 -> 0.24914742 | H17: =MIN(moderate!E$57:E$61)*1000 -> 110.36408 | I17: =MAX(moderate!E$57:E$61)*1000 -> 114.41028 | J17: =MIN(moderate!E$62:E$66)*1000 -> 189.94522 | K17: =MAX(moderate!E$62:E$66)*1000 -> 191.64097 | L17: =MIN(moderate!E$67:E$71)*1000 -> 110.02481 | M17: =MAX(moderate!E$67:E$71)*1000 -> 112.87248 | N17: =MIN(moderate!E32:E36)*1000 -> 0.05030632 | O17: =MAX(moderate!E32:E36)*1000 -> 0.065803528 | P17: =MIN(moderate!E$32:E$36)*1000 -> 0.05030632 | Q17: =MAX(moderate!E$32:E$36)*1000 -> 0.065803528
A18: Sign (ms) | B18: =MIN(moderate!G$42:G$46)*1000 -> 25.284767 | C18: =MAX(moderate!G$42:G$46)*1000 -> 74.890852 | D18: =MIN(moderate!G$47:G$51)*1000 -> 35.708904 | E18: =MAX(moderate!G$47:G$51)*1000 -> 90.91711 | F18: =MIN(moderate!G$52:G$56)*1000 -> 92.004299 | G18: =MAX(moderate!G$52:G$56)*1000 -> 148.02909 | H18: =MIN(moderate!G$57:G$61)*1000 -> 91234.039 | I18: =MAX(moderate!G$57:G$61)*1000 -> 94264.145 | J18: =MIN(moderate!G$62:G$66)*1000 -> 173420.18 | K18: =MAX(moderate!G$62:G$66)*1000 -> 174317.82 | L18: =MIN(moderate!G$67:G$71)*1000 -> 155986.36 | M18: =MAX(moderate!G$67:G$71)*1000 -> 157177.66 | N18: =Min(moderate!H32:H36)*1000 -> 0.042676926 | O18: =MAX(moderate!H32:H36)*1000 -> 0.053405762 | P18: =MIN(moderate!G$32:G$36)*1000 -> 4.3962002 | Q18: =MAX(moderate!G$32:G$36)*1000 -> 5.5346489
A19: Verify (ms) | B19: =MIN(moderate!J$42:J$46)*1000 -> 8.2314014 | C19: =MAX(moderate!J$42:J$46)*1000 -> 57.334661 | D19: =MIN(moderate!J$47:J$51)*1000 -> 13.322115 | E19: =MAX(moderate!J$47:J$51)*1000 -> 64.532518 | F19: =MIN(moderate!J$52:J$56)*1000 -> 22.938967 | G19: =MAX(moderate!J$52:J$56)*1000 -> 74.065685 | H19: =MIN(moderate!J$57:J$61)*1000 -> 49.892664 | I19: =MAX(moderate!J$57:J$61)*1000 -> 154.53267 | J19: =MIN(moderate!J$62:J$66)*1000 -> 127.11382 | K19: =MAX(moderate!J$62:J$66)*1000 -> 275.35725 | L19: =MIN(moderate!J$67:J$71)*1000 -> 203.33099 | M19: =MAX(moderate!J$67:J$71)*1000 -> 311.79762 | N19: =Min(moderate!K32:K36)*1000 -> 0.081300735 | O19: =MAX(moderate!K32:K36)*1000 -> 0.10991096 | P19: =MIN(moderate!J$32:J$36)*1000 -> 8.3510876 | Q19: =MAX(moderate!J$32:J$36)*1000 -> 59.657812
A20: PK Size (bytes) | B20: =moderate!F42 -> 1312 | D20: =moderate!F47 -> 1952 | F20: =moderate!F52 -> 2592 | H20: =moderate!F57 -> 32 | J20: =moderate!F62 -> 48 | L20: =moderate!F67 -> 64 | N20: =moderate!F32 -> 178 | P20: =moderate!F37 -> 451
A21: CT Size (bytes) | B21: =moderate!I43 -> 2420 | D21: =moderate!I48 -> 3293 | F21: =moderate!I53 -> 4595 | H21: =moderate!I58 -> 7856 | J21: =moderate!I63 -> 16224 | L21: =moderate!I68 -> 29792 | N21: =moderate!I32 -> 71 | P21: =moderate!I38 -> 256
A22: Peak Memory (KB) | B22: =MIN(moderate!M$42:M$46)*1024 -> 23.90528 | C22: =MAX(moderate!M$42:M$46)*1024 -> 37.96992 | D22: =MIN(moderate!M$47:M$51)*1024 -> 30.763008 | E22: =MAX(moderate!M$47:M$51)*1024 -> 36.98176 | F22: =MIN(moderate!M$52:M$56)*1024 -> 36.681728 | G22: =MAX(moderate!M$52:M$56)*1024 -> 44.086272 | H22: =MIN(moderate!M$57:M$61)*1024 -> 33.385472 | I22: =MAX(moderate!M$57:M$61)*1024 -> 37.98016 | J22: =MIN(moderate!M$62:M$66)*1024 -> 60.167168 | K22: =MAX(moderate!M$62:M$66)*1024 -> 67.453952 | L22: =MIN(moderate!M$67:M$71)*1024 -> 100.2455 | M22: =MAX(moderate!M$67:M$71)*1024 -> 107.91219 | N22: =MIN(moderate!M32:M36) -> 0.010193 | O22: =MIN(moderate!M32:M36) -> 0.010193 | P22: =MIN(moderate!M$32:M$36)*1024 -> 10.437632 | Q22: =MAX(moderate!M$32:M$36)*1024 -> 22.29248
A23: Ops / s (encaps) | B23: =SUM(moderate!B42:B46)/SUM(moderate!D42:D46) -> 12169.396 | D23: =SUM(moderate!B47:B51)/SUM(moderate!D47:D51) -> 6154.3554 | F23: =SUM(moderate!B52:B56)/SUM(moderate!D52:D56) -> 2299.3751 | H23: =SUM(moderate!B57:B61)/SUM(moderate!D57:D61) -> 8.087552 | J23: =SUM(moderate!B62:B66)/SUM(moderate!D62:D66) -> 5.5239826 | L23: =SUM(moderate!B67:B71)/SUM(moderate!D67:D71) -> 8.4260394 | N23: =SUM(moderate!B32:B36)/SUM(moderate!D32:D36) -> 17034.92 | P23: =SUM(moderate!B37:B41)/SUM(moderate!D37:D41) -> 9.7024241
A24: OOM rate | B24: 0 | D24: 0 | F24: 0 | H24: 0 | J24: 0 | L24: 0 | N24: 0 | P24: 0
A25: Slow Down (%) | B25: =((recapunconstrained!B23-B23)/recapunconstrained!B23) -> 0.18671154 | D25: =((recapunconstrained!D23-D23)/recapunconstrained!D23) -> 0.13539188 | F25: =((recapunconstrained!F23-F23)/recapunconstrained!F23) -> 0.53990832 | H25: =((recapunconstrained!H23-H23)/recapunconstrained!H23) -> 0.59642063 | J25: =((recapunconstrained!J23-J23)/recapunconstrained!J23) -> 0.54478508 | L25: =((recapunconstrained!L23-L23)/recapunconstrained!L23) -> 0.5233205 | N25: =((recapunconstrained!N23-N23)/recapunconstrained!N23) -> 0.13493733 | P25: =((recapunconstrained!P23-P23)/recapunconstrained!P23) -> 0.61777353
A28: Total Benchmark Time (Minutes) | B28: =SUM(SUM(Table2[generate_total_time]), SUM(Table2[encapsulate_total_time]), SUM(Table2[decapsulate_total_time])) / 60 -> 40.219313

Sheet extreme
A1: algorithm | B1: iterations | C1: repetition | D1: generate_total_time | E1: generate_median_time | F1: public_key_size | G1: encapsulate_total_time | H1: encapsulate_median_time | I1: ciphertext_size | J1: decapsulate_total_time | K1: decapsulate_median_time | L1: memory_current_mb | M1: memory_peak_mb | N1: oom_errors
A2: BIKE-L1 | B2: 100 | C2: 1 | D2: 11.564028 | E2: 0.10526085 | F2: 1541 | G2: 0.53729033 | H2: 0.0015798807 | I2: 1573 | J2: 8.8955138 | K2: 0.098932862 | L2: 0.036329 | M2: 0.043274 | N2: 0
A3: BIKE-L1 | B3: 100 | C3: 2 | D3: 11.380689 | E3: 0.10523474 | F3: 1541 | G3: 0.68790984 | H3: 0.0015720129 | I3: 1573 | J3: 9.2368727 | K3: 0.099293709 | L3: 0.022906 | M3: 0.029851 | N3: 0
A4: BIKE-L1 | B4: 100 | C4: 3 | D4: 11.032915 | E4: 0.10434496 | F4: 1541 | G4: 0.76877856 | H4: 0.0015529394 | I4: 1573 | J4: 8.6776562 | K4: 0.098427773 | L4: 0.022785 | M4: 0.02973 | N4: 0
A5: BIKE-L1 | B5: 100 | C5: 4 | D5: 11.908041 | E5: 0.10554588 | F5: 1541 | G5: 0.37953544 | H5: 0.0015633106 | I5: 1573 | J5: 9.1989417 | K5: 0.098803043 | L5: 0.022879 | M5: 0.029824 | N5: 0
A6: BIKE-L1 | B6: 100 | C6: 5 | D6: 11.550935 | E6: 0.10506868 | F6: 1541 | G6: 0.44310951 | H6: 0.0015083551 | I6: 1573 | J6: 9.1029496 | K6: 0.099650025 | L6: 0.023039 | M6: 0.029984 | N6: 0
A7: ML-KEM-512 | B7: 100 | C7: 1 | D7: 0.0049829483 | E7: 4.8160553e-05 | F7: 800 | G7: 0.005603075 | H7: 5.3167343e-05 | I7: 768 | J7: 0.0050866604 | K7: 5.0067902e-05 | L7: 0.025127 | M7: 0.027932 | N7: 0
A8: ML-KEM-512 | B8: 100 | C8: 2 | D8: 0.0042874813 | E8: 3.9577484e-05 | F8: 800 | G8: 0.0046787262 | H8: 4.3392181e-05 | I8: 768 | J8: 0.022289991 | K8: 4.1007996e-05 | L8: 0.014887 | M8: 0.017692 | N8: 0
A9: ML-KEM-512 | B9: 100 | C9: 3 | D9: 0.0035684109 | E9: 3.3855438e-05 | F9: 800 | G9: 0.003980875 | H9: 3.7431717e-05 | I9: 768 | J9: 0.0037741661 | K9: 3.516674e-05 | L9: 0.015143 | M9: 0.017948 | N9: 0
A10: ML-KEM-512 | B10: 100 | C10: 4 | D10: 0.0047945976 | E10: 4.7922134e-05 | F10: 800 | G10: 0.0053310394 | H10: 5.2690506e-05 | I10: 768 | J10: 0.079643488 | K10: 4.9591064e-05 | L10: 0.015431 | M10: 0.018236 | N10: 0
A11: ML-KEM-512 | B11: 100 | C11: 5 | D11: 0.0046451092 | E11: 3.9577484e-05 | F11: 800 | G11: 0.080348253 | H11: 4.3392181e-05 | I11: 768 | J11: 0.0045778751 | K11: 4.1007996e-05 | L11: 0.015262 | M11: 0.018067 | N11: 0
A12: ML-KEM-768 | B12: 100 | C12: 1 | D12: 0.0068252087 | E12: 6.7472458e-05 | F12: 1184 | G12: 0.0073957443 | H12: 7.2002411e-05 | I12: 1088 | J12: 0.041639566 | K12: 7.1525574e-05 | L12: 0.02431 | M12: 0.028203 | N12: 0
A13: ML-KEM-768 | B13: 100 | C13: 2 | D13: 0.0059890747 | E13: 5.5789948e-05 | F13: 1184 | G13: 0.0063796043 | H13: 5.9723854e-05 | I13: 1088 | J13: 0.0063381195 | K13: 5.8889389e-05 | L13: 0.016039 | M13: 0.019996 | N13: 0
... A71: SPHINCS+SHA2-256s-simple | B71: 100 | C71: 5 | D71: 48.211576 | E71: 0.50298905 | F71: 64 | G71: 615.338 | H71: 6.1134368 | I71: 29792 | J71: 1.0368712 | K71: 0.002183795 | L71: 0.038983 | M71: 0.099093 | N71: 0

Sheet recapextreme
A2: KEM Algorithms
A3: Metric | B3: ML-KEM-512 | D3: ML-KEM-768 | F3: ML-KEM-1024 | H3: FrodoKEM-640 | J3: BIKE-L1 | L3: ECDH-X25519
B4: Min | C4: Max | D4: Min | E4: Max | F4: Min | G4: Max | H4: Min | I4: Max | J4: Min | K4: Max | L4: Min | M4: Max
A5: Keygen (ms) | B5: =MIN(extreme!E7:E11)*1000 -> 0.033855438 | C5: =MAX(extreme!E7:E11)*1000 -> 0.048160553 | D5: =MIN(extreme!E12:E16)*1000 -> 0.055789948 | E5: =MAX(extreme!E12:E16)*1000 -> 0.067472458 | F5: =MIN(extreme!E17:E21)*1000 -> 0.063419342 | G5: =MAX(extreme!E17:E21)*1000 -> 0.090360641 | H5: =MIN(extreme!E22:E26)*1000 -> 0.60427189 | I5: =MAX(extreme!E22:E26)*1000 -> 0.73313713 | J5: =MIN(extreme!E2:E6)*1000 -> 104.34496 | K5: =MAX(extreme!E2:E6)*1000 -> 105.54588 | L5: =MIN(extreme!E27:E31)*1000 -> 0.10788441 | M5: =MAX(extreme!E27:E31)*1000 -> 0.12803078
A6: Encaps (ms) | B6: =MIN(extreme!G$7:G$11)*1000 -> 3.980875 | C6: =MAX(extreme!G$7:G$11)*1000 -> 80.348253 | D6: =MIN(extreme!G$12:G$16)*1000 -> 6.3796043 | E6: =MAX(extreme!G$12:G$16)*1000 -> 84.615469 | F6: =MIN(extreme!G$17:G$21)*1000 -> 7.4276924 | G6: =MAX(extreme!G$17:G$21)*1000 -> 85.718632 | H6: =MIN(extreme!G$22:G$26)*1000 -> 404.984 | I6: =MAX(extreme!G$22:G$26)*1000 -> 633.38709 | J6: =MIN(extreme!G$2:G$6)*1000 -> 379.53544 | K6: =MAX(extreme!G$2:G$6)*1000 -> 768.77856 | L6: =MIN(extreme!G$27:G$31)*1000 -> 97.133398 | M6: =MAX(extreme!G$27:G$31)*1000 -> 172.39666
A7: Decaps (ms) | B7: =MIN(extreme!J$7:J$11)*1000 -> 3.7741661 | C7: =MAX(extreme!J$7:J$11)*1000 -> 79.643488 | D7: =MIN(extreme!J$12:J$16)*1000 -> 6.3381195 | E7: =MAX(extreme!J$12:J$16)*1000 -> 41.639566 | F7: =MIN(extreme!J$17:J$21)*1000 -> 8.6965561 | G7: =MAX(extreme!J$17:J$21)*1000 -> 83.343744 | H7: =MIN(extreme!J$22:J$26)*1000 -> 333.0822 | I7: =MAX(extreme!J$22:J$26)*1000 -> 575.15407 | J7: =MIN(extreme!J$2:J$6)*1000 -> 8677.6562 | K7: =MAX(extreme!J$2:J$6)*1000 -> 9236.8727 | L7: =MIN(extreme!J$27:J$31)*1000 -> 11.049747 | M7: =MAX(extreme!J$27:J$31)*1000 -> 85.215807
A8: PK Size (bytes) | B8: =extreme!F7 -> 800 | D8: =extreme!F12 -> 1184 | F8: =extreme!F17 -> 1568 | H8: =extreme!F22 -> 9616 | J8: =extreme!F2 -> 1541 | L8: =extreme!F27 -> 32
A9: CT Size (bytes) | B9: =extreme!I8 -> 768 | D9: =extreme!I13 -> 1088 | F9: =extreme!I18 -> 1568 | H9: =extreme!I23 -> 9720 | J9: =extreme!I3 -> 1573 | L9: =extreme!I28 -> 32
A10: Peak Memory (KB) | B10: =MIN(extreme!M$7:M$11)*1024 -> 18.116608 | C10: =MAX(extreme!M$7:M$11)*1024 -> 28.602368 | D10: =MIN(extreme!M$12:M$16)*1024 -> 20.475904 | E10: =MAX(extreme!M$12:M$16)*1024 -> 28.879872 | F10: =MIN(extreme!M$17:M$21)*1024 -> 23.619584 | G10: =MAX(extreme!M$17:M$21)*1024 -> 28.676096 | H10: =MIN(extreme!M$22:M$26)*1024 -> 100.20864 | I10: =MAX(extreme!M$22:M$26)*1024 -> 110.01754 | J10: =MIN(extreme!M$2:M$6)*1024 -> 30.44352 | K10: =MAX(extreme!M$2:M$6)*1024 -> 44.312576 | L10: =MIN(extreme!M$27:M$31)*1024 -> 9.007104 | M10: =MAX(extreme!M$27:M$31)*1024 -> 293.63712
A11: Ops / s (encaps) | B11: =SUM(extreme!B7:B11)/SUM(extreme!D7:D11) -> 22443.115 | D11: =SUM(extreme!B12:B16)/SUM(extreme!D12:D16) -> 2764.678 | F11: =SUM(extreme!B17:B21)/SUM(extreme!D17:D21) -> 11552.074 | H11: =SUM(extreme!B22:B26)/SUM(extreme!D22:D26) -> 574.18653 | J11: =SUM(extreme!B2:B6)/SUM(extreme!D2:D6) -> 8.7052495 | L11: =SUM(extreme!B27:B31)/SUM(extreme!D27:D31) -> 1746.4551
A12: OOM rate | B12: 0 | D12: 0 | F12: 0 | H12: 0 | J12: 0 | L12: 0
A13: Slow Down (%) | B13: =((recapunconstrained!B11-B11)/recapunconstrained!B11) -> 0.22894171 | D13: =((recapunconstrained!D11-D11)/recapunconstrained!D11) -> 0.88003459 | F13: =((recapunconstrained!F11-F11)/recapunconstrained!F11) -> 0.40274542 | H13: =((recapunconstrained!H11-H11)/recapunconstrained!H11) -> 0.85929753 | J13: =((recapunconstrained!J11-J11)/recapunconstrained!J11) -> 0.91442545 | L13: =((recapunconstrained!L11-L11)/recapunconstrained!L11) -> 0.92424915
A14: Signature Algorithms
A15: Metric | B15: ML-DSA-44 | D15: ML-DSA-65 | F15: ML-DSA-87 | H15: SLH-DSA-128s | J15: SLH-DSA-192s | L15: SLH-DSA-256s | N15: EC-DSA-P256 | P15: RSA-2048
B16: Min | C16: Max | D16: Min | E16: Max | F16: Min | G16: Max | H16: Min | I16: Max | J16: Min | K16: Max | L16: Min | M16: Max | N16: Min | O16: Max | P16: Min | Q16: Max
A17: Keygen (ms) | B17: =MIN(extreme!E$42:E$46)*1000 -> 0.12218952 | C17: =MAX(extreme!E$42:E$46)*1000 -> 0.177145 | D17: =MIN(extreme!E$47:E$51)*1000 -> 0.30875206 | E17: =MAX(extreme!E$47:E$51)*1000 -> 0.32317638 | F17: =MIN(extreme!E$52:E$56)*1000 -> 0.46396255 | G17: =MAX(extreme!E$52:E$56)*1000 -> 0.53429604 | H17: =MIN(extreme!E$57:E$61)*1000 -> 508.7682 | I17: =MAX(extreme!E$57:E$61)*1000 -> 512.64107 | J17: =MIN(extreme!E$62:E$66)*1000 -> 788.88071 | K17: =MAX(extreme!E$62:E$66)*1000 -> 795.18569 | L17: =MIN(extreme!E$67:E$71)*1000 -> 502.03884 | M17: =MAX(extreme!E$67:E$71)*1000 -> 504.97746 | N17: =MIN(extreme!E32:E36)*1000 -> 0.14102459 | O17: =MAX(extreme!E32:E36)*1000 -> 0.14519691 | P17: =MIN(extreme!E$32:E$36)*1000 -> 0.14102459 | Q17: =MAX(extreme!E$32:E$36)*1000 -> 0.14519691
A18: Sign (ms) | B18: =MIN(extreme!G$42:G$46)*1000 -> 111.93872 | C18: =MAX(extreme!G$42:G$46)*1000 -> 252.14696 | D18: =MIN(extreme!G$47:G$51)*1000 -> 74.436188 | E18: =MAX(extreme!G$47:G$51)*1000 -> 455.97911 | F18: =MIN(extreme!G$52:G$56)*1000 -> 247.88618 | G18: =MAX(extreme!G$52:G$56)*1000 -> 466.06326 | H18: =MIN(extreme!G$57:G$61)*1000 -> 369839.06 | I18: =MAX(extreme!G$57:G$61)*1000 -> 391300.75 | J18: =MIN(extreme!G$62:G$66)*1000 -> 681037.52 | K18: =MAX(extreme!G$62:G$66)*1000 -> 684621.47 | L18: =MIN(extreme!G$67:G$71)*1000 -> 611284.13 | M18: =MAX(extreme!G$67:G$71)*1000 -> 616998.77 | N18: =Min(extreme!H32:H36)*1000 -> 0.12040138 | O18: =MAX(extreme!H32:H36)*1000 -> 0.12326241 | P18: =MIN(extreme!G$32:G$36)*1000 -> 12.210846 | Q18: =MAX(extreme!G$32:G$36)*1000 -> 161.04746
A19: Verify (ms) | B19: =MIN(extreme!J$42:J$46)*1000 -> 12.610435 | C19: =MAX(extreme!J$42:J$46)*1000 -> 92.458487 | D19: =MIN(extreme!J$47:J$51)*1000 -> 27.88949 | E19: =MAX(extreme!J$47:J$51)*1000 -> 196.88344 | F19: =MIN(extreme!J$52:J$56)*1000 -> 46.278 | G19: =MAX(extreme!J$52:J$56)*1000 -> 273.00191 | H19: =MIN(extreme!J$57:J$61)*1000 -> 402.17543 | I19: =MAX(extreme!J$57:J$61)*1000 -> 622.24507 | J19: =MIN(extreme!J$62:J$66)*1000 -> 378.88956 | K19: =MAX(extreme!J$62:J$66)*1000 -> 909.27863 | L19: =MIN(extreme!J$67:J$71)*1000 -> 597.31984 | M19: =MAX(extreme!J$67:J$71)*1000 -> 1036.8712 | N19: =Min(extreme!K32:K36)*1000 -> 0.22923946 | O19: =MAX(extreme!K32:K36)*1000 -> 0.23162365 | P19: =MIN(extreme!J$32:J$36)*1000 -> 24.356127 | Q19: =MAX(extreme!J$32:J$36)*1000 -> 173.29979
A20: PK Size (bytes) | B20: =extreme!F42 -> 1312 | D20: =extreme!F47 -> 1952 | F20: =extreme!F52 -> 2592 | H20: =extreme!F57 -> 32 | J20: =extreme!F62 -> 48 | L20: =extreme!F67 -> 64 | N20: =extreme!F32 -> 178 | P20: =extreme!F37 -> 451
A21: CT Size (bytes) | B21: =extreme!I43 -> 2420 | D21: =extreme!I48 -> 3293 | F21: =extreme!I53 -> 4595 | H21: =extreme!I58 -> 7856 | J21: =extreme!I63 -> 16224 | L21: =extreme!I68 -> 29792 | N21: =extreme!I32 -> 71 | P21: =extreme!I38 -> 256
A22: Peak Memory (KB) | B22: =MIN(extreme!M$42:M$46)*1024 -> 23.90528 | C22: =MAX(extreme!M$42:M$46)*1024 -> 37.96992 | D22: =MIN(extreme!M$47:M$51)*1024 -> 30.757888 | E22: =MAX(extreme!M$47:M$51)*1024 -> 36.98176 | F22: =MIN(extreme!M$52:M$56)*1024 -> 36.681728 | G22: =MAX(extreme!M$52:M$56)*1024 -> 44.086272 | H22: =MIN(extreme!M$57:M$61)*1024 -> 33.3056 | I22: =MAX(extreme!M$57:M$61)*1024 -> 37.98016 | J22: =MIN(extreme!M$62:M$66)*1024 -> 60.167168 | K22: =MAX(extreme!M$62:M$66)*1024 -> 67.453952 | L22: =MIN(extreme!M$67:M$71)*1024 -> 101.04525 | M22: =MAX(extreme!M$67:M$71)*1024 -> 107.91219 | N22: =MIN(extreme!M32:M36) -> 0.010734 | O22: =MIN(extreme!M32:M36) -> 0.010734 | P22: =MIN(extreme!M$32:M$36)*1024 -> 10.991616 | Q22: =MAX(extreme!M$32:M$36)*1024 -> 21.060608
A23: Ops / s (encaps) | B23: =SUM(extreme!B42:B46)/SUM(extreme!D42:D46) -> 1073.8952 | D23: =SUM(extreme!B47:B51)/SUM(extreme!D47:D51) -> 733.63598 | F23: =SUM(extreme!B52:B56)/SUM(extreme!D52:D56) -> 438.38475 | H23: =SUM(extreme!B57:B61)/SUM(extreme!D57:D61) -> 2.0033079 | J23: =SUM(extreme!B62:B66)/SUM(extreme!D62:D66) -> 1.3891068 | L23: =SUM(extreme!B67:B71)/SUM(extreme!D67:D71) -> 2.1081484 | N23: =SUM(extreme!B32:B36)/SUM(extreme!D32:D36) -> 1654.8058 | P23: =SUM(extreme!B37:B41)/SUM(extreme!D37:D41) -> 2.1006359
A24: OOM rate | B24: 0 | D24: 0 | F24: 0 | H24: 0 | J24: 0 | L24: 0 | N24: 0 | P24: 0
A25: Slow Down (%) | B25: =((recapunconstrained!B23-B23)/recapunconstrained!B23) -> 0.9282309 | D25: =((recapunconstrained!D23-D23)/recapunconstrained!D23) -> 0.89693354 | F25: =((recapunconstrained!F23-F23)/recapunconstrained!F23) -> 0.91228174 | H25: =((recapunconstrained!H23-H23)/recapunconstrained!H23) -> 0.90003233 | J25: =((recapunconstrained!J23-J23)/recapunconstrained!J23) -> 0.88552786 | L25: =((recapunconstrained!L23-L23)/recapunconstrained!L23) -> 0.88073743 | N25: =((recapunconstrained!N23-N23)/recapunconstrained!N23) -> 0.9159661 | P25: =((recapunconstrained!P23-P23)/recapunconstrained!P23) -> 0.91724556
A28: Total Benchmark Time (Minutes) | B28: =SUM(SUM(Table1[generate_total_time]), SUM(Table1[encapsulate_total_time]), SUM(Table1[decapsulate_total_time])) / 60 -> 159.88264

Sheet artifact-size
A1: Algoritma | B1: Tipe | C1: NIST-Level | D1: PK-Size (B) | E1: SK-Size (B) | F1: CT/Sig Size (B) | G1: Total Overhead (B)
A2: ML-KEM-512 | B2: KEM | C2: 1 | D2: =recapextreme!B8 -> 800 | E2: 1632 | F2: =recapextreme!B9 -> 768 | G2: =SUM(D2,F2) -> 1568
A3: ML-KEM-768 | B3: KEM | C3: 3 | D3: =recapextreme!D8 -> 1184 | E3: 2400 | F3: =recapextreme!D9 -> 1088 | G3: =SUM(D3,F3) -> 2272
A4: ML-KEM-1024 | B4: KEM | C4: 5 | D4: =recapextreme!F8 -> 1568 | E4: 3168 | F4: =recapextreme!F9 -> 1568 | G4: =SUM(D4,F4) -> 3136
A5: ML-DSA-44 | B5: Sig | C5: 2 | D5: =recapextreme!B20 -> 1312 | E5: 2528 | F5: =recapextreme!B21 -> 2420 | G5: =SUM(D5,F5) -> 3732
A6: ML-DSA-65 | B6: Sig | C6: 3 | D6: =recapextreme!D20 -> 1952 | E6: 4000 | F6: =recapextreme!D21 -> 3293 | G6: =SUM(D6,F6) -> 5245
A7: ML-DSA-87 | B7: Sig | C7: 5 | D7: =recapextreme!F20 -> 2592 | E7: 4864 | F7: =recapextreme!F21 -> 4595 | G7: =SUM(D7,F7) -> 7187
A8: SLH-DSA-128s | B8: Sig | C8: 1 | D8: =recapextreme!H20 -> 32 | E8: 65 | F8: =recapextreme!H21 -> 7856 | G8: =SUM(D8,F8) -> 7888
A9: SLH-DSA-192s | B9: Sig | C9: 3 | D9: =recapextreme!J20 -> 48 | E9: 96 | F9: =recapextreme!J21 -> 16224 | G9: =SUM(D9,F9) -> 16272
A10: SLH-DSA-256s | B10: Sig | C10: 5 | D10: =recapextreme!L20 -> 64 | E10: 128 | F10: =recapextreme!L21 -> 29792 | G10: =SUM(D10,F10) -> 29856
A11: FrodoKEM-640 | B11: KEM | C11: 1 | D11: =recapextreme!H8 -> 9616 | E11: 19888 | F11: =recapextreme!H9 -> 9720 | G11: =SUM(D11,F11) -> 19336
A12: BIKE-L1 | B12: KEM | C12: 1 | D12: =recapextreme!J8 -> 1541 | E12: 5223 | F12: =recapextreme!J9 -> 1573 | G12: =SUM(D12,F12) -> 3114
A13: RSA-2048 | B13: Sig | C13: ~112Bit | D13: =recapextreme!P20 -> 451 | E13: 1704 | F13: =recapextreme!P21 -> 256 | G13: =SUM(D13,F13) -> 707
A14: ECDSA-P256 | B14: Sig | C14: ~128Bit | D14: =recapextreme!N20 -> 178 | E14: 241 | F14: =recapextreme!N21 -> 71 | G14: =SUM(D14,F14) -> 249
A15: ECDH-X25519 | B15: KEM | C15: ~128Bit | D15: =recapextreme!P20 -> 451 | E15: 32 | F15: =recapextreme!L9 -> 32 | G15: =SUM(D15,F15) -> 483

Sheet statistic

Sheet visualization
